-- 1. Tạo cơ sở dữ liệu
CREATE DATABASE IF NOT EXISTS library_borrow;
USE library_borrow;

-- Xóa bảng cũ nếu tồn tại để tránh xung đột cấu trúc (Theo thứ tự khóa ngoại)
DROP TABLE IF EXISTS tblloandetail;
DROP TABLE IF EXISTS tblloanrecord;
DROP TABLE IF EXISTS tblitem;
DROP TABLE IF EXISTS tblshelf;
DROP TABLE IF EXISTS tblbook;
DROP TABLE IF EXISTS tblpatron;
DROP TABLE IF EXISTS tblsystemuser;

-- 2. Tạo bảng tblsystemuser (Thủ thư / Người dùng hệ thống)
CREATE TABLE tblsystemuser (
    id INT AUTO_INCREMENT PRIMARY KEY,
    username VARCHAR(50) NOT NULL UNIQUE,
    password VARCHAR(50) NOT NULL,
    name VARCHAR(100) NOT NULL,
    role VARCHAR(50) NOT NULL
);

-- 3. Tạo bảng tblpatron (Độc giả)
CREATE TABLE tblpatron (
    id INT AUTO_INCREMENT PRIMARY KEY,
    card_number VARCHAR(50) NOT NULL UNIQUE,
    full_name VARCHAR(100) NOT NULL,
    outstanding_debt DOUBLE DEFAULT 0,
    dob DATE NULL,
    cccd VARCHAR(50) NULL UNIQUE,
    phone VARCHAR(50) NULL,
    email VARCHAR(100) NULL,
    address VARCHAR(255) NULL,
    avatar VARCHAR(255) NULL,
    card_type VARCHAR(50) NULL,
    expiry_date DATE NULL,
    status VARCHAR(50) NULL,
    username VARCHAR(50) NULL UNIQUE,
    password VARCHAR(50) NULL
);

-- 4. Tạo bảng tblbook (Sách)
CREATE TABLE tblbook (
    id INT AUTO_INCREMENT PRIMARY KEY,
    title VARCHAR(255) NOT NULL,
    isbn VARCHAR(50) NULL UNIQUE,
    author VARCHAR(100) NULL,
    price DOUBLE DEFAULT 0,
    publisher VARCHAR(255) NULL,
    publish_year INT NULL,
    ddc_code VARCHAR(50) NULL,
    cover_image VARCHAR(255) NULL,
    summary TEXT NULL
);

-- 4.5 Tạo bảng tblshelf (Giá sách)
CREATE TABLE tblshelf (
    id INT AUTO_INCREMENT PRIMARY KEY,
    shelf_id VARCHAR(50) NOT NULL UNIQUE,
    room VARCHAR(100) NULL,
    `row` VARCHAR(50) NULL
);

-- 5. Tạo bảng tblitem (Bản sao sách)
CREATE TABLE tblitem (
    id INT AUTO_INCREMENT PRIMARY KEY,
    barcode VARCHAR(50) NOT NULL UNIQUE,
    status VARCHAR(50) NOT NULL DEFAULT 'Ready',
    price DOUBLE DEFAULT 0,
    book_id INT,
    shelf_id INT NULL,
    FOREIGN KEY (book_id) REFERENCES tblbook(id),
    FOREIGN KEY (shelf_id) REFERENCES tblshelf(id)
);

-- 6. Tạo bảng tblloanrecord (Phiếu mượn)
CREATE TABLE tblloanrecord (
    id INT AUTO_INCREMENT PRIMARY KEY,
    loan_date DATETIME NOT NULL,
    due_date DATETIME NULL,
    patron_id INT,
    librarian_id INT NULL,
    fine_amount DOUBLE DEFAULT 0,
    FOREIGN KEY (librarian_id) REFERENCES tblsystemuser(id),
    FOREIGN KEY (patron_id) REFERENCES tblpatron(id)
);

-- 7. Tạo bảng tblloandetail (Chi tiết phiếu mượn)
CREATE TABLE tblloandetail (
    id INT AUTO_INCREMENT PRIMARY KEY,
    due_date DATETIME NULL,
    item_id INT,
    loan_record_id INT,
    actual_return_date DATETIME NULL,
    fine_amount DOUBLE DEFAULT 0,
    status_notes VARCHAR(255) NULL,
    FOREIGN KEY (loan_record_id) REFERENCES tblloanrecord(id),
    FOREIGN KEY (item_id) REFERENCES tblitem(id)
);


-- 1. Thêm thủ thư (tblsystemuser)
INSERT INTO tblsystemuser (id, username, password, name, role) VALUES
(1, 'user001', 'pass001', 'Người dùng 001', 'Admin'),
(2, 'user002', 'pass002', 'Người dùng 002', 'Librarian'),
(3, 'user003', 'pass003', 'Người dùng 003', 'Staff'),
(4, 'user004', 'pass004', 'Người dùng 004', 'Manager'),
(5, 'user005', 'pass005', 'Người dùng 005', 'Admin'),
(6, 'user006', 'pass006', 'Người dùng 006', 'Librarian'),
(7, 'user007', 'pass007', 'Người dùng 007', 'Staff'),
(8, 'user008', 'pass008', 'Người dùng 008', 'Manager'),
(9, 'user009', 'pass009', 'Người dùng 009', 'Admin'),
(10, 'user010', 'pass010', 'Người dùng 010', 'Librarian'),
(11, 'user011', 'pass011', 'Người dùng 011', 'Staff'),
(12, 'user012', 'pass012', 'Người dùng 012', 'Manager'),
(13, 'user013', 'pass013', 'Người dùng 013', 'Admin'),
(14, 'user014', 'pass014', 'Người dùng 014', 'Librarian'),
(15, 'user015', 'pass015', 'Người dùng 015', 'Staff'),
(16, 'user016', 'pass016', 'Người dùng 016', 'Manager'),
(17, 'user017', 'pass017', 'Người dùng 017', 'Admin'),
(18, 'user018', 'pass018', 'Người dùng 018', 'Librarian'),
(19, 'user019', 'pass019', 'Người dùng 019', 'Staff'),
(20, 'user020', 'pass020', 'Người dùng 020', 'Manager'),
(21, 'user021', 'pass021', 'Người dùng 021', 'Admin'),
(22, 'user022', 'pass022', 'Người dùng 022', 'Librarian'),
(23, 'user023', 'pass023', 'Người dùng 023', 'Staff'),
(24, 'user024', 'pass024', 'Người dùng 024', 'Manager'),
(25, 'user025', 'pass025', 'Người dùng 025', 'Admin'),
(26, 'user026', 'pass026', 'Người dùng 026', 'Librarian'),
(27, 'user027', 'pass027', 'Người dùng 027', 'Staff'),
(28, 'user028', 'pass028', 'Người dùng 028', 'Manager'),
(29, 'user029', 'pass029', 'Người dùng 029', 'Admin'),
(30, 'user030', 'pass030', 'Người dùng 030', 'Librarian'),
(31, 'user031', 'pass031', 'Người dùng 031', 'Staff'),
(32, 'user032', 'pass032', 'Người dùng 032', 'Manager'),
(33, 'user033', 'pass033', 'Người dùng 033', 'Admin'),
(34, 'user034', 'pass034', 'Người dùng 034', 'Librarian'),
(35, 'user035', 'pass035', 'Người dùng 035', 'Staff'),
(36, 'user036', 'pass036', 'Người dùng 036', 'Manager'),
(37, 'user037', 'pass037', 'Người dùng 037', 'Admin'),
(38, 'user038', 'pass038', 'Người dùng 038', 'Librarian'),
(39, 'user039', 'pass039', 'Người dùng 039', 'Staff'),
(40, 'user040', 'pass040', 'Người dùng 040', 'Manager'),
(41, 'user041', 'pass041', 'Người dùng 041', 'Admin'),
(42, 'user042', 'pass042', 'Người dùng 042', 'Librarian'),
(43, 'user043', 'pass043', 'Người dùng 043', 'Staff'),
(44, 'user044', 'pass044', 'Người dùng 044', 'Manager'),
(45, 'user045', 'pass045', 'Người dùng 045', 'Admin'),
(46, 'user046', 'pass046', 'Người dùng 046', 'Librarian'),
(47, 'user047', 'pass047', 'Người dùng 047', 'Staff'),
(48, 'user048', 'pass048', 'Người dùng 048', 'Manager'),
(49, 'user049', 'pass049', 'Người dùng 049', 'Admin'),
(50, 'user050', 'pass050', 'Người dùng 050', 'Librarian');

-- 2. Thêm độc giả (tblpatron)
INSERT INTO tblpatron (id, card_number, full_name, phone, email, card_type, expiry_date, status, username, password, outstanding_debt) VALUES
(1, 'P001', 'Độc giả 001', '0900000001', 'patron001@library.local', 'Standard', '2027-01-08', 'Active', 'patron001', 'pass001', 0.0),
(2, 'P002', 'Độc giả 002', '0900000002', 'patron002@library.local', 'Student', '2027-01-15', 'Active', 'patron002', 'pass002', 0.0),
(3, 'P003', 'Độc giả 003', '0900000003', 'patron003@library.local', 'Teacher', '2027-01-22', 'Active', 'patron003', 'pass003', 0.0),
(4, 'P004', 'Độc giả 004', '0900000004', 'patron004@library.local', 'VIP', '2027-01-29', 'Active', 'patron004', 'pass004', 0.0),
(5, 'P005', 'Độc giả 005', '0900000005', 'patron005@library.local', 'Standard', '2027-02-05', 'Active', 'patron005', 'pass005', 0.0),
(6, 'P006', 'Độc giả 006', '0900000006', 'patron006@library.local', 'Student', '2027-02-12', 'Active', 'patron006', 'pass006', 0.0),
(7, 'P007', 'Độc giả 007', '0900000007', 'patron007@library.local', 'Teacher', '2027-02-19', 'Active', 'patron007', 'pass007', 0.0),
(8, 'P008', 'Độc giả 008', '0900000008', 'patron008@library.local', 'VIP', '2027-02-26', 'Active', 'patron008', 'pass008', 0.0),
(9, 'P009', 'Độc giả 009', '0900000009', 'patron009@library.local', 'Standard', '2027-03-05', 'Active', 'patron009', 'pass009', 0.0),
(10, 'P010', 'Độc giả 010', '0900000010', 'patron010@library.local', 'Student', '2027-03-12', 'Active', 'patron010', 'pass010', 0.0),
(11, 'P011', 'Độc giả 011', '0900000011', 'patron011@library.local', 'Teacher', '2027-03-19', 'Active', 'patron011', 'pass011', 0.0),
(12, 'P012', 'Độc giả 012', '0900000012', 'patron012@library.local', 'VIP', '2027-03-26', 'Active', 'patron012', 'pass012', 0.0),
(13, 'P013', 'Độc giả 013', '0900000013', 'patron013@library.local', 'Standard', '2027-04-02', 'Active', 'patron013', 'pass013', 0.0),
(14, 'P014', 'Độc giả 014', '0900000014', 'patron014@library.local', 'Student', '2027-04-09', 'Active', 'patron014', 'pass014', 0.0),
(15, 'P015', 'Độc giả 015', '0900000015', 'patron015@library.local', 'Teacher', '2027-04-16', 'Active', 'patron015', 'pass015', 0.0),
(16, 'P016', 'Độc giả 016', '0900000016', 'patron016@library.local', 'VIP', '2027-04-23', 'Active', 'patron016', 'pass016', 0.0),
(17, 'P017', 'Độc giả 017', '0900000017', 'patron017@library.local', 'Standard', '2027-04-30', 'Active', 'patron017', 'pass017', 0.0),
(18, 'P018', 'Độc giả 018', '0900000018', 'patron018@library.local', 'Student', '2027-05-07', 'Active', 'patron018', 'pass018', 0.0),
(19, 'P019', 'Độc giả 019', '0900000019', 'patron019@library.local', 'Teacher', '2027-05-14', 'Active', 'patron019', 'pass019', 0.0),
(20, 'P020', 'Độc giả 020', '0900000020', 'patron020@library.local', 'VIP', '2027-05-21', 'Active', 'patron020', 'pass020', 0.0),
(21, 'P021', 'Độc giả 021', '0900000021', 'patron021@library.local', 'Standard', '2027-05-28', 'Active', 'patron021', 'pass021', 0.0),
(22, 'P022', 'Độc giả 022', '0900000022', 'patron022@library.local', 'Student', '2027-06-04', 'Active', 'patron022', 'pass022', 0.0),
(23, 'P023', 'Độc giả 023', '0900000023', 'patron023@library.local', 'Teacher', '2027-06-11', 'Active', 'patron023', 'pass023', 0.0),
(24, 'P024', 'Độc giả 024', '0900000024', 'patron024@library.local', 'VIP', '2027-06-18', 'Active', 'patron024', 'pass024', 0.0),
(25, 'P025', 'Độc giả 025', '0900000025', 'patron025@library.local', 'Standard', '2027-06-25', 'Active', 'patron025', 'pass025', 0.0),
(26, 'P026', 'Độc giả 026', '0900000026', 'patron026@library.local', 'Student', '2027-07-02', 'Active', 'patron026', 'pass026', 0.0),
(27, 'P027', 'Độc giả 027', '0900000027', 'patron027@library.local', 'Teacher', '2027-07-09', 'Active', 'patron027', 'pass027', 0.0),
(28, 'P028', 'Độc giả 028', '0900000028', 'patron028@library.local', 'VIP', '2027-07-16', 'Active', 'patron028', 'pass028', 0.0),
(29, 'P029', 'Độc giả 029', '0900000029', 'patron029@library.local', 'Standard', '2027-07-23', 'Active', 'patron029', 'pass029', 0.0),
(30, 'P030', 'Độc giả 030', '0900000030', 'patron030@library.local', 'Student', '2027-07-30', 'Active', 'patron030', 'pass030', 0.0),
(31, 'P031', 'Độc giả 031', '0900000031', 'patron031@library.local', 'Teacher', '2027-08-06', 'Active', 'patron031', 'pass031', 0.0),
(32, 'P032', 'Độc giả 032', '0900000032', 'patron032@library.local', 'VIP', '2027-08-13', 'Active', 'patron032', 'pass032', 0.0),
(33, 'P033', 'Độc giả 033', '0900000033', 'patron033@library.local', 'Standard', '2027-08-20', 'Active', 'patron033', 'pass033', 0.0),
(34, 'P034', 'Độc giả 034', '0900000034', 'patron034@library.local', 'Student', '2027-08-27', 'Active', 'patron034', 'pass034', 0.0),
(35, 'P035', 'Độc giả 035', '0900000035', 'patron035@library.local', 'Teacher', '2027-09-03', 'Active', 'patron035', 'pass035', 0.0),
(36, 'P036', 'Độc giả 036', '0900000036', 'patron036@library.local', 'VIP', '2027-09-10', 'Active', 'patron036', 'pass036', 0.0),
(37, 'P037', 'Độc giả 037', '0900000037', 'patron037@library.local', 'Standard', '2027-09-17', 'Active', 'patron037', 'pass037', 0.0),
(38, 'P038', 'Độc giả 038', '0900000038', 'patron038@library.local', 'Student', '2027-09-24', 'Active', 'patron038', 'pass038', 0.0),
(39, 'P039', 'Độc giả 039', '0900000039', 'patron039@library.local', 'Teacher', '2027-10-01', 'Active', 'patron039', 'pass039', 0.0),
(40, 'P040', 'Độc giả 040', '0900000040', 'patron040@library.local', 'VIP', '2027-10-08', 'Active', 'patron040', 'pass040', 0.0),
(41, 'P041', 'Độc giả 041', '0900000041', 'patron041@library.local', 'Standard', '2027-10-15', 'Active', 'patron041', 'pass041', 0.0),
(42, 'P042', 'Độc giả 042', '0900000042', 'patron042@library.local', 'Student', '2027-10-22', 'Active', 'patron042', 'pass042', 0.0),
(43, 'P043', 'Độc giả 043', '0900000043', 'patron043@library.local', 'Teacher', '2027-10-29', 'Active', 'patron043', 'pass043', 0.0),
(44, 'P044', 'Độc giả 044', '0900000044', 'patron044@library.local', 'VIP', '2027-11-05', 'Active', 'patron044', 'pass044', 0.0),
(45, 'P045', 'Độc giả 045', '0900000045', 'patron045@library.local', 'Standard', '2027-11-12', 'Active', 'patron045', 'pass045', 0.0),
(46, 'P046', 'Độc giả 046', '0900000046', 'patron046@library.local', 'Student', '2027-11-19', 'Active', 'patron046', 'pass046', 0.0),
(47, 'P047', 'Độc giả 047', '0900000047', 'patron047@library.local', 'Teacher', '2027-11-26', 'Active', 'patron047', 'pass047', 0.0),
(48, 'P048', 'Độc giả 048', '0900000048', 'patron048@library.local', 'VIP', '2027-12-03', 'Active', 'patron048', 'pass048', 0.0),
(49, 'P049', 'Độc giả 049', '0900000049', 'patron049@library.local', 'Standard', '2027-12-10', 'Active', 'patron049', 'pass049', 0.0),
(50, 'P050', 'Độc giả 050', '0900000050', 'patron050@library.local', 'Student', '2027-12-17', 'Active', 'patron050', 'pass050', 0.0);

-- 3. Thêm kệ sách (tblshelf)
INSERT INTO tblshelf (id, shelf_id, room, `row`) VALUES
(1, 'S001', 'Phòng 1', 'Dãy 1'),
(2, 'S002', 'Phòng 1', 'Dãy 2'),
(3, 'S003', 'Phòng 1', 'Dãy 3'),
(4, 'S004', 'Phòng 1', 'Dãy 4'),
(5, 'S005', 'Phòng 1', 'Dãy 5'),
(6, 'S006', 'Phòng 1', 'Dãy 6'),
(7, 'S007', 'Phòng 1', 'Dãy 7'),
(8, 'S008', 'Phòng 1', 'Dãy 8'),
(9, 'S009', 'Phòng 1', 'Dãy 9'),
(10, 'S010', 'Phòng 1', 'Dãy 10'),
(11, 'S011', 'Phòng 2', 'Dãy 1'),
(12, 'S012', 'Phòng 2', 'Dãy 2'),
(13, 'S013', 'Phòng 2', 'Dãy 3'),
(14, 'S014', 'Phòng 2', 'Dãy 4'),
(15, 'S015', 'Phòng 2', 'Dãy 5'),
(16, 'S016', 'Phòng 2', 'Dãy 6'),
(17, 'S017', 'Phòng 2', 'Dãy 7'),
(18, 'S018', 'Phòng 2', 'Dãy 8'),
(19, 'S019', 'Phòng 2', 'Dãy 9'),
(20, 'S020', 'Phòng 2', 'Dãy 10'),
(21, 'S021', 'Phòng 3', 'Dãy 1'),
(22, 'S022', 'Phòng 3', 'Dãy 2'),
(23, 'S023', 'Phòng 3', 'Dãy 3'),
(24, 'S024', 'Phòng 3', 'Dãy 4'),
(25, 'S025', 'Phòng 3', 'Dãy 5'),
(26, 'S026', 'Phòng 3', 'Dãy 6'),
(27, 'S027', 'Phòng 3', 'Dãy 7'),
(28, 'S028', 'Phòng 3', 'Dãy 8'),
(29, 'S029', 'Phòng 3', 'Dãy 9'),
(30, 'S030', 'Phòng 3', 'Dãy 10'),
(31, 'S031', 'Phòng 4', 'Dãy 1'),
(32, 'S032', 'Phòng 4', 'Dãy 2'),
(33, 'S033', 'Phòng 4', 'Dãy 3'),
(34, 'S034', 'Phòng 4', 'Dãy 4'),
(35, 'S035', 'Phòng 4', 'Dãy 5'),
(36, 'S036', 'Phòng 4', 'Dãy 6'),
(37, 'S037', 'Phòng 4', 'Dãy 7'),
(38, 'S038', 'Phòng 4', 'Dãy 8'),
(39, 'S039', 'Phòng 4', 'Dãy 9'),
(40, 'S040', 'Phòng 4', 'Dãy 10'),
(41, 'S041', 'Phòng 5', 'Dãy 1'),
(42, 'S042', 'Phòng 5', 'Dãy 2'),
(43, 'S043', 'Phòng 5', 'Dãy 3'),
(44, 'S044', 'Phòng 5', 'Dãy 4'),
(45, 'S045', 'Phòng 5', 'Dãy 5'),
(46, 'S046', 'Phòng 5', 'Dãy 6'),
(47, 'S047', 'Phòng 5', 'Dãy 7'),
(48, 'S048', 'Phòng 5', 'Dãy 8'),
(49, 'S049', 'Phòng 5', 'Dãy 9'),
(50, 'S050', 'Phòng 5', 'Dãy 10');

-- 4. Thêm sách (tblbook)
INSERT INTO tblbook (id, title, isbn, price, publisher, publish_year, ddc_code, summary) VALUES
(1, 'Sách 001', '9786040000001', 52500.0, 'NXB Tổng Hợp', 2001, '801.1', 'Tóm tắt nội dung sách 001'),
(2, 'Sách 002', '9786040000002', 55000.0, 'NXB Tổng Hợp', 2002, '802.2', 'Tóm tắt nội dung sách 002'),
(3, 'Sách 003', '9786040000003', 57500.0, 'NXB Tổng Hợp', 2003, '803.3', 'Tóm tắt nội dung sách 003'),
(4, 'Sách 004', '9786040000004', 60000.0, 'NXB Tổng Hợp', 2004, '804.4', 'Tóm tắt nội dung sách 004'),
(5, 'Sách 005', '9786040000005', 62500.0, 'NXB Tổng Hợp', 2005, '805.5', 'Tóm tắt nội dung sách 005'),
(6, 'Sách 006', '9786040000006', 65000.0, 'NXB Tổng Hợp', 2006, '806.6', 'Tóm tắt nội dung sách 006'),
(7, 'Sách 007', '9786040000007', 67500.0, 'NXB Tổng Hợp', 2007, '807.7', 'Tóm tắt nội dung sách 007'),
(8, 'Sách 008', '9786040000008', 70000.0, 'NXB Tổng Hợp', 2008, '808.8', 'Tóm tắt nội dung sách 008'),
(9, 'Sách 009', '9786040000009', 72500.0, 'NXB Tổng Hợp', 2009, '809.9', 'Tóm tắt nội dung sách 009'),
(10, 'Sách 010', '9786040000010', 75000.0, 'NXB Tổng Hợp', 2010, '810.0', 'Tóm tắt nội dung sách 010'),
(11, 'Sách 011', '9786040000011', 77500.0, 'NXB Tổng Hợp', 2011, '811.1', 'Tóm tắt nội dung sách 011'),
(12, 'Sách 012', '9786040000012', 80000.0, 'NXB Tổng Hợp', 2012, '812.2', 'Tóm tắt nội dung sách 012'),
(13, 'Sách 013', '9786040000013', 82500.0, 'NXB Tổng Hợp', 2013, '813.3', 'Tóm tắt nội dung sách 013'),
(14, 'Sách 014', '9786040000014', 85000.0, 'NXB Tổng Hợp', 2014, '814.4', 'Tóm tắt nội dung sách 014'),
(15, 'Sách 015', '9786040000015', 87500.0, 'NXB Tổng Hợp', 2015, '815.5', 'Tóm tắt nội dung sách 015'),
(16, 'Sách 016', '9786040000016', 90000.0, 'NXB Tổng Hợp', 2016, '816.6', 'Tóm tắt nội dung sách 016'),
(17, 'Sách 017', '9786040000017', 92500.0, 'NXB Tổng Hợp', 2017, '817.7', 'Tóm tắt nội dung sách 017'),
(18, 'Sách 018', '9786040000018', 95000.0, 'NXB Tổng Hợp', 2018, '818.8', 'Tóm tắt nội dung sách 018'),
(19, 'Sách 019', '9786040000019', 97500.0, 'NXB Tổng Hợp', 2019, '819.9', 'Tóm tắt nội dung sách 019'),
(20, 'Sách 020', '9786040000020', 100000.0, 'NXB Tổng Hợp', 2020, '820.0', 'Tóm tắt nội dung sách 020'),
(21, 'Sách 021', '9786040000021', 102500.0, 'NXB Tổng Hợp', 2021, '821.1', 'Tóm tắt nội dung sách 021'),
(22, 'Sách 022', '9786040000022', 105000.0, 'NXB Tổng Hợp', 2022, '822.2', 'Tóm tắt nội dung sách 022'),
(23, 'Sách 023', '9786040000023', 107500.0, 'NXB Tổng Hợp', 2023, '823.3', 'Tóm tắt nội dung sách 023'),
(24, 'Sách 024', '9786040000024', 110000.0, 'NXB Tổng Hợp', 2024, '824.4', 'Tóm tắt nội dung sách 024'),
(25, 'Sách 025', '9786040000025', 112500.0, 'NXB Tổng Hợp', 2000, '825.5', 'Tóm tắt nội dung sách 025'),
(26, 'Sách 026', '9786040000026', 115000.0, 'NXB Tổng Hợp', 2001, '826.6', 'Tóm tắt nội dung sách 026'),
(27, 'Sách 027', '9786040000027', 117500.0, 'NXB Tổng Hợp', 2002, '827.7', 'Tóm tắt nội dung sách 027'),
(28, 'Sách 028', '9786040000028', 120000.0, 'NXB Tổng Hợp', 2003, '828.8', 'Tóm tắt nội dung sách 028'),
(29, 'Sách 029', '9786040000029', 122500.0, 'NXB Tổng Hợp', 2004, '829.9', 'Tóm tắt nội dung sách 029'),
(30, 'Sách 030', '9786040000030', 125000.0, 'NXB Tổng Hợp', 2005, '830.0', 'Tóm tắt nội dung sách 030'),
(31, 'Sách 031', '9786040000031', 127500.0, 'NXB Tổng Hợp', 2006, '831.1', 'Tóm tắt nội dung sách 031'),
(32, 'Sách 032', '9786040000032', 130000.0, 'NXB Tổng Hợp', 2007, '832.2', 'Tóm tắt nội dung sách 032'),
(33, 'Sách 033', '9786040000033', 132500.0, 'NXB Tổng Hợp', 2008, '833.3', 'Tóm tắt nội dung sách 033'),
(34, 'Sách 034', '9786040000034', 135000.0, 'NXB Tổng Hợp', 2009, '834.4', 'Tóm tắt nội dung sách 034'),
(35, 'Sách 035', '9786040000035', 137500.0, 'NXB Tổng Hợp', 2010, '835.5', 'Tóm tắt nội dung sách 035'),
(36, 'Sách 036', '9786040000036', 140000.0, 'NXB Tổng Hợp', 2011, '836.6', 'Tóm tắt nội dung sách 036'),
(37, 'Sách 037', '9786040000037', 142500.0, 'NXB Tổng Hợp', 2012, '837.7', 'Tóm tắt nội dung sách 037'),
(38, 'Sách 038', '9786040000038', 145000.0, 'NXB Tổng Hợp', 2013, '838.8', 'Tóm tắt nội dung sách 038'),
(39, 'Sách 039', '9786040000039', 147500.0, 'NXB Tổng Hợp', 2014, '839.9', 'Tóm tắt nội dung sách 039'),
(40, 'Sách 040', '9786040000040', 150000.0, 'NXB Tổng Hợp', 2015, '840.0', 'Tóm tắt nội dung sách 040'),
(41, 'Sách 041', '9786040000041', 152500.0, 'NXB Tổng Hợp', 2016, '841.1', 'Tóm tắt nội dung sách 041'),
(42, 'Sách 042', '9786040000042', 155000.0, 'NXB Tổng Hợp', 2017, '842.2', 'Tóm tắt nội dung sách 042'),
(43, 'Sách 043', '9786040000043', 157500.0, 'NXB Tổng Hợp', 2018, '843.3', 'Tóm tắt nội dung sách 043'),
(44, 'Sách 044', '9786040000044', 160000.0, 'NXB Tổng Hợp', 2019, '844.4', 'Tóm tắt nội dung sách 044'),
(45, 'Sách 045', '9786040000045', 162500.0, 'NXB Tổng Hợp', 2020, '845.5', 'Tóm tắt nội dung sách 045'),
(46, 'Sách 046', '9786040000046', 165000.0, 'NXB Tổng Hợp', 2021, '846.6', 'Tóm tắt nội dung sách 046'),
(47, 'Sách 047', '9786040000047', 167500.0, 'NXB Tổng Hợp', 2022, '847.7', 'Tóm tắt nội dung sách 047'),
(48, 'Sách 048', '9786040000048', 170000.0, 'NXB Tổng Hợp', 2023, '848.8', 'Tóm tắt nội dung sách 048'),
(49, 'Sách 049', '9786040000049', 172500.0, 'NXB Tổng Hợp', 2024, '849.9', 'Tóm tắt nội dung sách 049'),
(50, 'Sách 050', '9786040000050', 175000.0, 'NXB Tổng Hợp', 2000, '850.0', 'Tóm tắt nội dung sách 050');

-- 5. Thêm bản sao sách (tblitem)
INSERT INTO tblitem (id, barcode, status, price, book_id, shelf_id) VALUES
(1, 'BC000001', 'Ready', 52500.0, 1, 1),
(2, 'BC000002', 'Borrowed', 55000.0, 2, 2),
(3, 'BC000003', 'Reserved', 57500.0, 3, 3),
(4, 'BC000004', 'Lost', 60000.0, 4, 4),
(5, 'BC000005', 'Ready', 62500.0, 5, 5),
(6, 'BC000006', 'Borrowed', 65000.0, 6, 6),
(7, 'BC000007', 'Reserved', 67500.0, 7, 7),
(8, 'BC000008', 'Lost', 70000.0, 8, 8),
(9, 'BC000009', 'Ready', 72500.0, 9, 9),
(10, 'BC000010', 'Borrowed', 75000.0, 10, 10),
(11, 'BC000011', 'Reserved', 77500.0, 11, 11),
(12, 'BC000012', 'Lost', 80000.0, 12, 12),
(13, 'BC000013', 'Ready', 82500.0, 13, 13),
(14, 'BC000014', 'Borrowed', 85000.0, 14, 14),
(15, 'BC000015', 'Reserved', 87500.0, 15, 15),
(16, 'BC000016', 'Lost', 90000.0, 16, 16),
(17, 'BC000017', 'Ready', 92500.0, 17, 17),
(18, 'BC000018', 'Borrowed', 95000.0, 18, 18),
(19, 'BC000019', 'Reserved', 97500.0, 19, 19),
(20, 'BC000020', 'Lost', 100000.0, 20, 20),
(21, 'BC000021', 'Ready', 102500.0, 21, 21),
(22, 'BC000022', 'Borrowed', 105000.0, 22, 22),
(23, 'BC000023', 'Reserved', 107500.0, 23, 23),
(24, 'BC000024', 'Lost', 110000.0, 24, 24),
(25, 'BC000025', 'Ready', 112500.0, 25, 25),
(26, 'BC000026', 'Borrowed', 115000.0, 26, 26),
(27, 'BC000027', 'Reserved', 117500.0, 27, 27),
(28, 'BC000028', 'Lost', 120000.0, 28, 28),
(29, 'BC000029', 'Ready', 122500.0, 29, 29),
(30, 'BC000030', 'Borrowed', 125000.0, 30, 30),
(31, 'BC000031', 'Reserved', 127500.0, 31, 31),
(32, 'BC000032', 'Lost', 130000.0, 32, 32),
(33, 'BC000033', 'Ready', 132500.0, 33, 33),
(34, 'BC000034', 'Borrowed', 135000.0, 34, 34),
(35, 'BC000035', 'Reserved', 137500.0, 35, 35),
(36, 'BC000036', 'Lost', 140000.0, 36, 36),
(37, 'BC000037', 'Ready', 142500.0, 37, 37),
(38, 'BC000038', 'Borrowed', 145000.0, 38, 38),
(39, 'BC000039', 'Reserved', 147500.0, 39, 39),
(40, 'BC000040', 'Lost', 150000.0, 40, 40),
(41, 'BC000041', 'Ready', 152500.0, 41, 41),
(42, 'BC000042', 'Borrowed', 155000.0, 42, 42),
(43, 'BC000043', 'Reserved', 157500.0, 43, 43),
(44, 'BC000044', 'Lost', 160000.0, 44, 44),
(45, 'BC000045', 'Ready', 162500.0, 45, 45),
(46, 'BC000046', 'Borrowed', 165000.0, 46, 46),
(47, 'BC000047', 'Reserved', 167500.0, 47, 47),
(48, 'BC000048', 'Lost', 170000.0, 48, 48),
(49, 'BC000049', 'Ready', 172500.0, 49, 49),
(50, 'BC000050', 'Borrowed', 175000.0, 50, 50);

-- 6. Thêm phiếu mượn (tblloanrecord)
INSERT INTO tblloanrecord (id, loan_date, due_date, patron_id, librarian_id, fine_amount) VALUES
(1, '2026-01-04', '2026-01-18', 1, 1, 0.0),
(2, '2026-01-07', '2026-01-21', 2, 2, 0.0),
(3, '2026-01-10', '2026-01-24', 3, 3, 0.0),
(4, '2026-01-13', '2026-01-27', 4, 4, 0.0),
(5, '2026-01-16', '2026-01-30', 5, 5, 60000.0),
(6, '2026-01-19', '2026-02-02', 6, 6, 0.0),
(7, '2026-01-22', '2026-02-05', 7, 7, 0.0),
(8, '2026-01-25', '2026-02-08', 8, 8, 0.0),
(9, '2026-01-28', '2026-02-11', 9, 9, 0.0),
(10, '2026-01-31', '2026-02-14', 10, 10, 40000.0),
(11, '2026-02-03', '2026-02-17', 11, 11, 0.0),
(12, '2026-02-06', '2026-02-20', 12, 12, 0.0),
(13, '2026-02-09', '2026-02-23', 13, 13, 0.0),
(14, '2026-02-12', '2026-02-26', 14, 14, 0.0),
(15, '2026-02-15', '2026-03-01', 15, 15, 20000.0),
(16, '2026-02-18', '2026-03-04', 16, 16, 0.0),
(17, '2026-02-21', '2026-03-07', 17, 17, 0.0),
(18, '2026-02-24', '2026-03-10', 18, 18, 0.0),
(19, '2026-02-27', '2026-03-13', 19, 19, 0.0),
(20, '2026-03-02', '2026-03-16', 20, 20, 70000.0),
(21, '2026-03-05', '2026-03-19', 21, 21, 0.0),
(22, '2026-03-08', '2026-03-22', 22, 22, 0.0),
(23, '2026-03-11', '2026-03-25', 23, 23, 0.0),
(24, '2026-03-14', '2026-03-28', 24, 24, 0.0),
(25, '2026-03-17', '2026-03-31', 25, 25, 50000.0),
(26, '2026-03-20', '2026-04-03', 26, 26, 0.0),
(27, '2026-03-23', '2026-04-06', 27, 27, 0.0),
(28, '2026-03-26', '2026-04-09', 28, 28, 0.0),
(29, '2026-03-29', '2026-04-12', 29, 29, 0.0),
(30, '2026-04-01', '2026-04-15', 30, 30, 30000.0),
(31, '2026-04-04', '2026-04-18', 31, 31, 0.0),
(32, '2026-04-07', '2026-04-21', 32, 32, 0.0),
(33, '2026-04-10', '2026-04-24', 33, 33, 0.0),
(34, '2026-04-13', '2026-04-27', 34, 34, 0.0),
(35, '2026-04-16', '2026-04-30', 35, 35, 10000.0),
(36, '2026-04-19', '2026-05-03', 36, 36, 0.0),
(37, '2026-04-22', '2026-05-06', 37, 37, 0.0),
(38, '2026-04-25', '2026-05-09', 38, 38, 0.0),
(39, '2026-04-28', '2026-05-12', 39, 39, 0.0),
(40, '2026-05-01', '2026-05-15', 40, 40, 60000.0),
(41, '2026-05-04', '2026-05-18', 41, 41, 0.0),
(42, '2026-05-07', '2026-05-21', 42, 42, 0.0),
(43, '2026-05-10', '2026-05-24', 43, 43, 0.0),
(44, '2026-05-13', '2026-05-27', 44, 44, 0.0),
(45, '2026-05-16', '2026-05-30', 45, 45, 40000.0),
(46, '2026-05-19', '2026-06-02', 46, 46, 0.0),
(47, '2026-05-22', '2026-06-05', 47, 47, 0.0),
(48, '2026-05-25', '2026-06-08', 48, 48, 0.0),
(49, '2026-05-28', '2026-06-11', 49, 49, 0.0),
(50, '2026-05-31', '2026-06-14', 50, 50, 20000.0);

-- 7. Thêm chi tiết phiếu mượn (tblloandetail)
INSERT INTO tblloandetail (due_date, item_id, loan_record_id, actual_return_date, fine_amount, status_notes) VALUES
('2026-01-18', 1, 1, '2026-01-16', 0.0, 'Tình trạng bình thường'),
('2026-01-21', 2, 2, '2026-01-19', 0.0, 'Tình trạng bình thường'),
('2026-01-24', 3, 3, '2026-01-22', 0.0, 'Tình trạng bình thường'),
('2026-01-27', 4, 4, '2026-01-25', 0.0, 'Tình trạng bình thường'),
('2026-01-30', 5, 5, '2026-02-02', 60000.0, 'Trả muộn, tình trạng bình thường'),
('2026-02-02', 6, 6, NULL, 0.0, 'Chưa trả'),
('2026-02-05', 7, 7, '2026-02-03', 0.0, 'Tình trạng bình thường'),
('2026-02-08', 8, 8, '2026-02-06', 0.0, 'Tình trạng bình thường'),
('2026-02-11', 9, 9, '2026-02-09', 0.0, 'Tình trạng bình thường'),
('2026-02-14', 10, 10, '2026-02-17', 40000.0, 'Trả muộn, tình trạng bình thường'),
('2026-02-17', 11, 11, '2026-02-15', 0.0, 'Tình trạng bình thường'),
('2026-02-20', 12, 12, NULL, 0.0, 'Chưa trả'),
('2026-02-23', 13, 13, '2026-02-21', 0.0, 'Tình trạng bình thường'),
('2026-02-26', 14, 14, '2026-02-24', 0.0, 'Tình trạng bình thường'),
('2026-03-01', 15, 15, '2026-03-04', 20000.0, 'Trả muộn, tình trạng bình thường'),
('2026-03-04', 16, 16, '2026-03-02', 0.0, 'Tình trạng bình thường'),
('2026-03-07', 17, 17, '2026-03-05', 0.0, 'Tình trạng bình thường'),
('2026-03-10', 18, 18, NULL, 0.0, 'Chưa trả'),
('2026-03-13', 19, 19, '2026-03-11', 0.0, 'Tình trạng bình thường'),
('2026-03-16', 20, 20, '2026-03-19', 70000.0, 'Trả muộn, tình trạng bình thường'),
('2026-03-19', 21, 21, '2026-03-17', 0.0, 'Tình trạng bình thường'),
('2026-03-22', 22, 22, '2026-03-20', 0.0, 'Tình trạng bình thường'),
('2026-03-25', 23, 23, '2026-03-23', 0.0, 'Tình trạng bình thường'),
('2026-03-28', 24, 24, NULL, 0.0, 'Chưa trả'),
('2026-03-31', 25, 25, '2026-04-03', 50000.0, 'Trả muộn, tình trạng bình thường'),
('2026-04-03', 26, 26, '2026-04-01', 0.0, 'Tình trạng bình thường'),
('2026-04-06', 27, 27, '2026-04-04', 0.0, 'Tình trạng bình thường'),
('2026-04-09', 28, 28, '2026-04-07', 0.0, 'Tình trạng bình thường'),
('2026-04-12', 29, 29, '2026-04-10', 0.0, 'Tình trạng bình thường'),
('2026-04-15', 30, 30, NULL, 30000.0, 'Chưa trả'),
('2026-04-18', 31, 31, '2026-04-16', 0.0, 'Tình trạng bình thường'),
('2026-04-21', 32, 32, '2026-04-19', 0.0, 'Tình trạng bình thường'),
('2026-04-24', 33, 33, '2026-04-22', 0.0, 'Tình trạng bình thường'),
('2026-04-27', 34, 34, '2026-04-25', 0.0, 'Tình trạng bình thường'),
('2026-04-30', 35, 35, '2026-05-03', 10000.0, 'Trả muộn, tình trạng bình thường'),
('2026-05-03', 36, 36, NULL, 0.0, 'Chưa trả'),
('2026-05-06', 37, 37, '2026-05-04', 0.0, 'Tình trạng bình thường'),
('2026-05-09', 38, 38, '2026-05-07', 0.0, 'Tình trạng bình thường'),
('2026-05-12', 39, 39, '2026-05-10', 0.0, 'Tình trạng bình thường'),
('2026-05-15', 40, 40, '2026-05-18', 60000.0, 'Trả muộn, tình trạng bình thường'),
('2026-05-18', 41, 41, '2026-05-16', 0.0, 'Tình trạng bình thường'),
('2026-05-21', 42, 42, NULL, 0.0, 'Chưa trả'),
('2026-05-24', 43, 43, '2026-05-22', 0.0, 'Tình trạng bình thường'),
('2026-05-27', 44, 44, '2026-05-25', 0.0, 'Tình trạng bình thường'),
('2026-05-30', 45, 45, '2026-06-02', 40000.0, 'Trả muộn, tình trạng bình thường'),
('2026-06-02', 46, 46, '2026-05-31', 0.0, 'Tình trạng bình thường'),
('2026-06-05', 47, 47, '2026-06-03', 0.0, 'Tình trạng bình thường'),
('2026-06-08', 48, 48, NULL, 0.0, 'Chưa trả'),
('2026-06-11', 49, 49, '2026-06-09', 0.0, 'Tình trạng bình thường'),
('2026-06-14', 50, 50, '2026-06-17', 20000.0, 'Trả muộn, tình trạng bình thường');
